{
  "scenario": "s04_http",
  "timestamp": 1778377150.4248114,
  "detect_latency": null,
  "mitigate_latency": null,
  "attack_window": [
    1778377150.4248114,
    1778377450.4248114
  ],
  "expected_alert": true
}