{
  "scenario": "s01_syn",
  "timestamp": 1778382868.3879297,
  "detect_latency": 0.2855224609375,
  "mitigate_latency": 0.516747236251831,
  "attack_window": [
    1778382868.3879297,
    1778383168.3879297
  ],
  "expected_alert": true
}