{
  "scenario": "s03_icmp",
  "timestamp": 1778376980.60624,
  "detect_latency": 0.5353293418884277,
  "mitigate_latency": 6.073131322860718,
  "attack_window": [
    1778376980.60624,
    1778377280.60624
  ],
  "expected_alert": true
}