{
  "scenario": "s01_syn",
  "timestamp": 1778382776.4127622,
  "detect_latency": 0.3205428123474121,
  "mitigate_latency": 0.5113372802734375,
  "attack_window": [
    1778382776.4127622,
    1778383076.4127622
  ],
  "expected_alert": true
}