{
  "scenario": "s03_icmp",
  "timestamp": 1778377029.5950925,
  "detect_latency": 0.5549604892730713,
  "mitigate_latency": 4.770424127578735,
  "attack_window": [
    1778377029.5950925,
    1778377329.5950925
  ],
  "expected_alert": true
}