{
  "scenario": "s01_syn",
  "timestamp": 1778371627.8089635,
  "detect_latency": null,
  "mitigate_latency": null,
  "attack_window": [
    1778371627.8089635,
    1778371927.8089635
  ],
  "expected_alert": true
}