{
  "scenario": "s03_icmp",
  "timestamp": 1778383136.7795203,
  "detect_latency": 0.27953600883483887,
  "mitigate_latency": 0.5081958770751953,
  "attack_window": [
    1778383136.7795203,
    1778383436.7795203
  ],
  "expected_alert": true
}