{
  "scenario": "s06_ip_spoof",
  "timestamp": 1778378201.5912786,
  "detect_latency": 0.5375614166259766,
  "mitigate_latency": null,
  "attack_window": [
    1778378201.5912786,
    1778378501.5912786
  ],
  "expected_alert": true
}