{
  "scenario": "s03_icmp",
  "timestamp": 1778377667.1619925,
  "detect_latency": 0.9138011932373047,
  "mitigate_latency": 8.040027856826782,
  "attack_window": [
    1778377667.1619925,
    1778377967.1619925
  ],
  "expected_alert": true
}