{
  "scenario": "s01_syn",
  "timestamp": 1778370799.520324,
  "detect_latency": null,
  "mitigate_latency": null,
  "attack_window": [
    1778370799.520324,
    1778371099.520324
  ],
  "expected_alert": true
}