{
  "scenario": "s01_syn",
  "timestamp": 1778370738.1498377,
  "detect_latency": null,
  "mitigate_latency": null,
  "attack_window": [
    1778370738.1498377,
    1778371038.1498377
  ],
  "expected_alert": true
}