{
  "scenario": "s02_udp",
  "timestamp": 1778371947.839651,
  "detect_latency": null,
  "mitigate_latency": null,
  "attack_window": [
    1778371947.839651,
    1778372247.839651
  ],
  "expected_alert": true
}