{
  "scenario": "s02_udp",
  "timestamp": 1778382914.3019505,
  "detect_latency": 0.26868653297424316,
  "mitigate_latency": 0.5262055397033691,
  "attack_window": [
    1778382914.3019505,
    1778383214.3019505
  ],
  "expected_alert": true
}