{
  "scenario": "s01_syn",
  "timestamp": 1778372382.3460016,
  "detect_latency": null,
  "mitigate_latency": null,
  "attack_window": [
    1778372382.3460016,
    1778372682.3460016
  ],
  "expected_alert": true
}