{
  "scenario": "s04_http",
  "timestamp": 1778377910.5616236,
  "detect_latency": null,
  "mitigate_latency": null,
  "attack_window": [
    1778377910.5616236,
    1778378210.5616236
  ],
  "expected_alert": true
}