{
  "scenario": "s07_slowloris",
  "timestamp": 1778386743.4246268,
  "detect_latency": 0.2716667652130127,
  "mitigate_latency": 0.5207207202911377,
  "attack_window": [
    1778386743.4246268,
    1778387043.4246268
  ],
  "expected_alert": true
}