{
  "scenario": "s07_slowloris",
  "timestamp": 1778386787.4952712,
  "detect_latency": 0.31392478942871094,
  "mitigate_latency": 0.5264770984649658,
  "attack_window": [
    1778386787.4952712,
    1778387087.4952712
  ],
  "expected_alert": true
}