{
  "scenario": "s04_http",
  "timestamp": 1778377765.116859,
  "detect_latency": null,
  "mitigate_latency": null,
  "attack_window": [
    1778377765.116859,
    1778378065.116859
  ],
  "expected_alert": true
}