{
  "scenario": "s01_syn",
  "timestamp": 1778377378.893472,
  "detect_latency": 2.2217471599578857,
  "mitigate_latency": 12.996286153793335,
  "attack_window": [
    1778377378.893472,
    1778377678.893472
  ],
  "expected_alert": true
}