{
  "scenario": "s01_syn",
  "timestamp": 1778385290.3259678,
  "detect_latency": 0.281205415725708,
  "mitigate_latency": 0.5089478492736816,
  "attack_window": [
    1778385290.3259678,
    1778385590.3259678
  ],
  "expected_alert": true
}