{
  "scenario": "s07_slowloris",
  "timestamp": 1778379359.0344422,
  "detect_latency": 0.24989891052246094,
  "mitigate_latency": 0.5290966033935547,
  "attack_window": [
    1778379359.0344422,
    1778379659.0344422
  ],
  "expected_alert": true
}