{
  "scenario": "s02_udp",
  "timestamp": 1778376800.1494732,
  "detect_latency": 1.5856297016143799,
  "mitigate_latency": 2.100006580352783,
  "attack_window": [
    1778376800.1494732,
    1778377100.1494732
  ],
  "expected_alert": true
}