{
  "scenario": "s01_syn",
  "timestamp": 1778378570.2092795,
  "detect_latency": 0.3232893943786621,
  "mitigate_latency": 0.5230529308319092,
  "attack_window": [
    1778378570.2092795,
    1778378870.2092795
  ],
  "expected_alert": true
}