{
  "scenario": "s01_syn",
  "timestamp": 1778372530.2349665,
  "detect_latency": null,
  "mitigate_latency": null,
  "attack_window": [
    1778372530.2349665,
    1778372830.2349665
  ],
  "expected_alert": true
}