{
  "scenario": "s06_ip_spoof",
  "timestamp": 1778378348.3131163,
  "detect_latency": 0.5628466606140137,
  "mitigate_latency": null,
  "attack_window": [
    1778378348.3131163,
    1778378648.3131163
  ],
  "expected_alert": true
}