{
  "scenario": "s01_syn",
  "timestamp": 1778372456.3069947,
  "detect_latency": null,
  "mitigate_latency": null,
  "attack_window": [
    1778372456.3069947,
    1778372756.3069947
  ],
  "expected_alert": true
}