{
  "scenario": "s07_slowloris",
  "timestamp": 1778378465.3442662,
  "detect_latency": 0.5159759521484375,
  "mitigate_latency": 1.042226791381836,
  "attack_window": [
    1778378465.3442662,
    1778378765.3442662
  ],
  "expected_alert": true
}