{
  "scenario": "s01_syn",
  "timestamp": 1778370403.9754493,
  "detect_latency": null,
  "mitigate_latency": null,
  "attack_window": [
    1778370403.9754493,
    1778370703.9754493
  ],
  "expected_alert": true
}