{
  "scenario": "s03_icmp",
  "timestamp": 1778385624.4520335,
  "detect_latency": 0.3024885654449463,
  "mitigate_latency": 0.5087413787841797,
  "attack_window": [
    1778385624.4520335,
    1778385924.4520335
  ],
  "expected_alert": true
}