{
  "scenario": "s02_udp",
  "timestamp": 1778371883.8954117,
  "detect_latency": null,
  "mitigate_latency": null,
  "attack_window": [
    1778371883.8954117,
    1778372183.8954117
  ],
  "expected_alert": true
}