{
  "scenario": "s06_ip_spoof",
  "timestamp": 1778379174.5315902,
  "detect_latency": 0.5934872627258301,
  "mitigate_latency": 4.207789659500122,
  "attack_window": [
    1778379174.5315902,
    1778379474.5315902
  ],
  "expected_alert": true
}