{
  "scenario": "s06_ip_spoof",
  "timestamp": 1778386423.64677,
  "detect_latency": 1.8794963359832764,
  "mitigate_latency": 13.22778844833374,
  "attack_window": [
    1778386423.64677,
    1778386723.64677
  ],
  "expected_alert": true
}