{
  "scenario": "s01_syn",
  "timestamp": 1778371755.8325324,
  "detect_latency": null,
  "mitigate_latency": null,
  "attack_window": [
    1778371755.8325324,
    1778372055.8325324
  ],
  "expected_alert": true
}