{
  "scenario": "s08_flash_crowd",
  "timestamp": 1778379445.2491398,
  "detect_latency": 0.2682507038116455,
  "mitigate_latency": null,
  "attack_window": [
    1778379445.2491398,
    1778379745.2491398
  ],
  "expected_alert": false
}