{
  "scenario": "s06_ip_spoof",
  "timestamp": 1778383507.230345,
  "detect_latency": 0.5842528343200684,
  "mitigate_latency": 4.144230127334595,
  "attack_window": [
    1778383507.230345,
    1778383807.230345
  ],
  "expected_alert": true
}