{
  "scenario": "s01_syn",
  "timestamp": 1778382187.8641188,
  "detect_latency": 0.3260655403137207,
  "mitigate_latency": 0.521437406539917,
  "attack_window": [
    1778382187.8641188,
    1778382487.8641188
  ],
  "expected_alert": true
}