{
  "scenario": "s03_icmp",
  "timestamp": 1778378786.2625144,
  "detect_latency": 0.297257661819458,
  "mitigate_latency": 0.50718092918396,
  "attack_window": [
    1778378786.2625144,
    1778379086.2625144
  ],
  "expected_alert": true
}