{
  "scenario": "s07_slowloris",
  "timestamp": 1778386699.1520011,
  "detect_latency": 0.3652961254119873,
  "mitigate_latency": 0.5319576263427734,
  "attack_window": [
    1778386699.1520011,
    1778386999.1520011
  ],
  "expected_alert": true
}