{
  "scenario": "s07_slowloris",
  "timestamp": 1778383661.6198387,
  "detect_latency": 0.36237287521362305,
  "mitigate_latency": 0.5233428478240967,
  "attack_window": [
    1778383661.6198387,
    1778383961.6198387
  ],
  "expected_alert": true
}