{
  "scenario": "s01_syn",
  "timestamp": 1778382143.515917,
  "detect_latency": 0.24758529663085938,
  "mitigate_latency": 0.5078756809234619,
  "attack_window": [
    1778382143.515917,
    1778382443.515917
  ],
  "expected_alert": true
}