{
  "scenario": "s04_http",
  "timestamp": 1778385859.9022026,
  "detect_latency": 0.27158188819885254,
  "mitigate_latency": 0.52705979347229,
  "attack_window": [
    1778385859.9022026,
    1778386159.9022026
  ],
  "expected_alert": true
}