{
  "scenario": "s02_udp",
  "timestamp": 1778377530.339222,
  "detect_latency": 0.6854116916656494,
  "mitigate_latency": 1.0246596336364746,
  "attack_window": [
    1778377530.339222,
    1778377830.339222
  ],
  "expected_alert": true
}