{
  "scenario": "s04_http",
  "timestamp": 1778379001.923966,
  "detect_latency": 0.2689974308013916,
  "mitigate_latency": 0.5275990962982178,
  "attack_window": [
    1778379001.923966,
    1778379301.923966
  ],
  "expected_alert": true
}