{
  "scenario": "s08_flash_crowd",
  "timestamp": 1778379517.9694452,
  "detect_latency": 0.31212735176086426,
  "mitigate_latency": null,
  "attack_window": [
    1778379517.9694452,
    1778379817.9694452
  ],
  "expected_alert": false
}