{
  "scenario": "s03_icmp",
  "timestamp": 1778376933.3966515,
  "detect_latency": 0.6110644340515137,
  "mitigate_latency": 4.346155166625977,
  "attack_window": [
    1778376933.3966515,
    1778377233.3966515
  ],
  "expected_alert": true
}