{
  "scenario": "s02_udp",
  "timestamp": 1778383001.8879304,
  "detect_latency": 0.3257887363433838,
  "mitigate_latency": 0.514052152633667,
  "attack_window": [
    1778383001.8879304,
    1778383301.8879304
  ],
  "expected_alert": true
}