{
  "scenario": "s07_slowloris",
  "timestamp": 1778383705.4712594,
  "detect_latency": 0.35004281997680664,
  "mitigate_latency": 0.5293564796447754,
  "attack_window": [
    1778383705.4712594,
    1778384005.4712594
  ],
  "expected_alert": true
}