{
  "scenario": "s02_udp",
  "timestamp": 1778371820.349354,
  "detect_latency": null,
  "mitigate_latency": null,
  "attack_window": [
    1778371820.349354,
    1778372120.349354
  ],
  "expected_alert": true
}