{
  "scenario": "s01_syn",
  "timestamp": 1778382099.3360102,
  "detect_latency": 0.36200380325317383,
  "mitigate_latency": 0.5176129341125488,
  "attack_window": [
    1778382099.3360102,
    1778382399.3360102
  ],
  "expected_alert": true
}