{
  "scenario": "s01_syn",
  "timestamp": 1778385421.6267931,
  "detect_latency": 0.3354532718658447,
  "mitigate_latency": 0.507725715637207,
  "attack_window": [
    1778385421.6267931,
    1778385721.6267931
  ],
  "expected_alert": true
}