{
  "scenario": "s01_syn",
  "timestamp": 1778382822.3645246,
  "detect_latency": 0.29404377937316895,
  "mitigate_latency": 0.5082798004150391,
  "attack_window": [
    1778382822.3645246,
    1778383122.3645246
  ],
  "expected_alert": true
}