{
  "scenario": "s01_syn",
  "timestamp": 1778376434.719449,
  "detect_latency": 0.9099719524383545,
  "mitigate_latency": 4.470401763916016,
  "attack_window": [
    1778376434.719449,
    1778376734.719449
  ],
  "expected_alert": true
}