{
  "scenario": "s08_flash_crowd",
  "timestamp": 1778386905.212811,
  "detect_latency": 0.31677722930908203,
  "mitigate_latency": null,
  "attack_window": [
    1778386905.212811,
    1778387205.212811
  ],
  "expected_alert": false
}