{
  "scenario": "s03_icmp",
  "timestamp": 1778385751.7370558,
  "detect_latency": 0.2607548236846924,
  "mitigate_latency": 0.5061616897583008,
  "attack_window": [
    1778385751.7370558,
    1778386051.7370558
  ],
  "expected_alert": true
}