{
  "scenario": "s06_ip_spoof",
  "timestamp": 1778379268.2575164,
  "detect_latency": 0.6397168636322021,
  "mitigate_latency": 4.427067518234253,
  "attack_window": [
    1778379268.2575164,
    1778379568.2575164
  ],
  "expected_alert": true
}