{
  "scenario": "s01_syn",
  "timestamp": 1778370464.845428,
  "detect_latency": null,
  "mitigate_latency": null,
  "attack_window": [
    1778370464.845428,
    1778370764.845428
  ],
  "expected_alert": true
}