{
  "scenario": "s06_ip_spoof",
  "timestamp": 1778383560.3569367,
  "detect_latency": 0.6013145446777344,
  "mitigate_latency": 5.765209436416626,
  "attack_window": [
    1778383560.3569367,
    1778383860.3569367
  ],
  "expected_alert": true
}