{
  "scenario": "s01_syn",
  "timestamp": 1778376660.5892131,
  "detect_latency": 0.5700476169586182,
  "mitigate_latency": 4.376736879348755,
  "attack_window": [
    1778376660.5892131,
    1778376960.5892131
  ],
  "expected_alert": true
}