{
  "scenario": "s05_dns_ampl",
  "timestamp": 1778378128.894053,
  "detect_latency": null,
  "mitigate_latency": null,
  "attack_window": [
    1778378128.894053,
    1778378428.894053
  ],
  "expected_alert": true
}