{
  "scenario": "s04_http",
  "timestamp": 1778377837.779229,
  "detect_latency": null,
  "mitigate_latency": null,
  "attack_window": [
    1778377837.779229,
    1778378137.779229
  ],
  "expected_alert": true
}