{
  "scenario": "s04_http",
  "timestamp": 1778378958.813385,
  "detect_latency": 0.26599574089050293,
  "mitigate_latency": 0.5255553722381592,
  "attack_window": [
    1778378958.813385,
    1778379258.813385
  ],
  "expected_alert": true
}