{
  "scenario": "s08_flash_crowd",
  "timestamp": 1778383896.2331696,
  "detect_latency": 0.3465304374694824,
  "mitigate_latency": null,
  "attack_window": [
    1778383896.2331696,
    1778384196.2331696
  ],
  "expected_alert": false
}