{
  "scenario": "s01_syn",
  "timestamp": 1778378526.796196,
  "detect_latency": 0.3319566249847412,
  "mitigate_latency": 0.5090827941894531,
  "attack_window": [
    1778378526.796196,
    1778378826.796196
  ],
  "expected_alert": true
}