{
  "scenario": "s05_dns_ampl",
  "timestamp": 1778383358.6239445,
  "detect_latency": 0.2568521499633789,
  "mitigate_latency": 0.5217573642730713,
  "attack_window": [
    1778383358.6239445,
    1778383658.6239445
  ],
  "expected_alert": true
}