{
  "scenario": "s07_slowloris",
  "timestamp": 1778379315.9456944,
  "detect_latency": 0.3131296634674072,
  "mitigate_latency": 0.5215437412261963,
  "attack_window": [
    1778379315.9456944,
    1778379615.9456944
  ],
  "expected_alert": true
}