{
  "scenario": "s05_dns_ampl",
  "timestamp": 1778379045.085047,
  "detect_latency": 0.25505685806274414,
  "mitigate_latency": 0.523082971572876,
  "attack_window": [
    1778379045.085047,
    1778379345.085047
  ],
  "expected_alert": true
}